Date,Month,Year,Open,High,Low,Close,Adj Close,Volume
1/3/2020,1,2020,88.099998,90.800003,87.384003,88.601997,88.601997,88892500
1/6/2020,1,2020,88.094002,90.311996,88,90.307999,90.307999,50665000
1/7/2020,1,2020,92.279999,94.325996,90.671997,93.811996,93.811996,89410500
1/8/2020,1,2020,94.739998,99.697998,93.646004,98.428001,98.428001,155721500
1/9/2020,1,2020,99.419998,99.760002,94.573997,96.267998,96.267998,142202000
1/10/2020,1,2020,96.358002,96.987999,94.739998,95.629997,95.629997,64797500
1/13/2020,1,2020,98.699997,105.125999,98.400002,104.972,104.972,132588000
1/14/2020,1,2020,108.851997,109.482002,104.980003,107.584,107.584,144981000
1/15/2020,1,2020,105.952003,107.568001,103.358002,103.699997,103.699997,86844000
1/16/2020,1,2020,98.75,102.891998,98.433998,102.697998,102.697998,108683500
1/17/2020,1,2020,101.522003,103.134003,100.632004,102.099998,102.099998,68145500
1/21/2020,1,2020,106.050003,109.716003,105.681999,109.440002,109.440002,89017500
1/22/2020,1,2020,114.377998,118.900002,111.82,113.912003,113.912003,156845000
1/23/2020,1,2020,112.849998,116.400002,111.120003,114.440002,114.440002,98255000
1/24/2020,1,2020,114.125999,114.772003,110.851997,112.963997,112.963997,71768000
1/27/2020,1,2020,108.398003,112.888,107.856003,111.603996,111.603996,68040500
1/28/2020,1,2020,113.697998,115.362,111.615997,113.379997,113.379997,58942500
1/29/2020,1,2020,115.138,117.959999,113.486,116.197998,116.197998,89007500
1/30/2020,1,2020,126.484001,130.175995,123.599998,128.162003,128.162003,145028500
1/31/2020,1,2020,128,130.600006,126.503998,130.113998,130.113998,78596500
2/3/2020,2,2020,134.738007,157.227997,134.703995,156,156,235325000
2/4/2020,2,2020,176.591995,193.798004,166.776001,177.412003,177.412003,304694000
2/5/2020,2,2020,164.651993,169.195999,140.822006,146.940002,146.940002,242119000
2/6/2020,2,2020,139.983994,159.166,137.399994,149.792007,149.792007,199404000
2/7/2020,2,2020,146.110001,153.949997,146,149.613998,149.613998,85317500
2/10/2020,2,2020,160,163.998001,150.479996,154.255997,154.255997,123446000
2/11/2020,2,2020,153.757996,156.701996,151.600006,154.876007,154.876007,58487500
2/12/2020,2,2020,155.574005,157.949997,152.673996,153.457993,153.457993,60112500
2/13/2020,2,2020,148.367996,163.600006,147,160.800003,160.800003,131446500
2/14/2020,2,2020,157.444,162.593994,157.100006,160.005997,160.005997,78468500
2/18/2020,2,2020,168.320007,172,166.472,171.679993,171.679993,81908500
2/19/2020,2,2020,184.699997,188.955994,180.203995,183.483994,183.483994,127115000
2/20/2020,2,2020,182.389999,182.399994,171.988007,179.882004,179.882004,88174500
2/21/2020,2,2020,181.395996,182.612,176.089996,180.199997,180.199997,71574000
2/24/2020,2,2020,167.800003,172.699997,164.440002,166.757996,166.757996,75961000
2/25/2020,2,2020,169.800003,171.320007,157.399994,159.981995,159.981995,86452500
2/26/2020,2,2020,156.5,162.662003,155.222,155.759995,155.759995,70427500
2/27/2020,2,2020,146,147.953995,133.800003,135.800003,135.800003,121386000
2/28/2020,2,2020,125.940002,138.104004,122.304001,133.598007,133.598007,121114500
3/2/2020,3,2020,142.251999,148.738007,137.334,148.723999,148.723999,100975000
3/3/2020,3,2020,161,161.395996,143.222,149.102005,149.102005,128920000
3/4/2020,3,2020,152.792007,153.304001,144.945999,149.899994,149.899994,75245000
3/5/2020,3,2020,144.753998,149.149994,143.613998,144.908005,144.908005,54263500
3/6/2020,3,2020,138,141.399994,136.854004,140.695999,140.695999,63314500
3/9/2020,3,2020,121.078003,132.600006,121,121.599998,121.599998,85368500
3/10/2020,3,2020,131.886002,133.600006,121.599998,129.065994,129.065994,77972000
3/11/2020,3,2020,128.039993,130.716003,122.599998,126.846001,126.846001,66612500
3/12/2020,3,2020,116.178001,118.900002,109.25,112.110001,112.110001,94545500
3/13/2020,3,2020,119,121.514,100.400002,109.323997,109.323997,113201500
3/16/2020,3,2020,93.900002,98.973999,88.433998,89.014,89.014,102447500
3/17/2020,3,2020,88.001999,94.370003,79.199997,86.040001,86.040001,119973000
3/18/2020,3,2020,77.800003,80.972,70.101997,72.244003,72.244003,118931000
3/19/2020,3,2020,74.940002,90.400002,71.692001,85.528,85.528,150977500
3/20/2020,3,2020,87.639999,95.400002,85.157997,85.505997,85.505997,141427500
3/23/2020,3,2020,86.720001,88.400002,82.099998,86.858002,86.858002,82272500
3/24/2020,3,2020,95.459999,102.737999,94.800003,101,101,114476000
3/25/2020,3,2020,109.050003,111.400002,102.222,107.849998,107.849998,106113500
3/26/2020,3,2020,109.477997,112,102.449997,105.632004,105.632004,86903500
3/27/2020,3,2020,101,105.160004,98.806,102.872002,102.872002,71887000
3/30/2020,3,2020,102.052002,103.330002,98.246002,100.426003,100.426003,59990500
3/31/2020,3,2020,100.25,108.592003,99.400002,104.800003,104.800003,88857500
4/1/2020,4,2020,100.800003,102.790001,95.019997,96.311996,96.311996,66766000
4/2/2020,4,2020,96.206001,98.851997,89.279999,90.893997,90.893997,99292000
4/3/2020,4,2020,101.900002,103.098,93.678001,96.001999,96.001999,112810500
4/6/2020,4,2020,102.239998,104.199997,99.592003,103.248001,103.248001,74509000
4/7/2020,4,2020,109,113,106.468002,109.089996,109.089996,89599000
4/8/2020,4,2020,110.839996,111.442001,106.666,109.767998,109.767998,63280000
4/9/2020,4,2020,112.417999,115.036003,111.421997,114.599998,114.599998,68250000
4/13/2020,4,2020,118.031998,130.399994,116.106003,130.190002,130.190002,112377000
4/14/2020,4,2020,139.794006,148.376007,138.485992,141.977997,141.977997,152882500
4/15/2020,4,2020,148.399994,150.626007,142,145.966003,145.966003,117885000
4/16/2020,4,2020,143.388,151.889999,141.343994,149.042007,149.042007,103289500
4/17/2020,4,2020,154.455994,154.990005,149.531998,150.778,150.778,65641000
4/20/2020,4,2020,146.539993,153.113998,142.442001,149.272003,149.272003,73733000
4/21/2020,4,2020,146.024002,150.666,134.757996,137.343994,137.343994,101045500
4/22/2020,4,2020,140.796005,146.800003,137.742004,146.421997,146.421997,70827500
4/23/2020,4,2020,145.520004,146.800003,140.626007,141.126007,141.126007,66183500
4/24/2020,4,2020,142.162003,146.145996,139.636002,145.029999,145.029999,66060000
4/27/2020,4,2020,147.522003,159.897995,147,159.75,159.75,103407000
4/28/2020,4,2020,159.128006,161,151.337997,153.824005,153.824005,76110000
4/29/2020,4,2020,158.033997,160.639999,156.632004,160.102005,160.102005,81080000
4/30/2020,4,2020,171.037994,173.964005,152.699997,156.376007,156.376007,142359500
5/1/2020,5,2020,151,154.554001,136.608002,140.264008,140.264008,162659000
5/4/2020,5,2020,140.199997,152.399994,139.600006,152.238007,152.238007,96185500
5/5/2020,5,2020,157.957993,159.783997,152.436005,153.641998,153.641998,84958500
5/6/2020,5,2020,155.300003,157.960007,152.222,156.516006,156.516006,55616000
5/7/2020,5,2020,155.442001,159.279999,154.470001,156.007996,156.007996,57638500
5/8/2020,5,2020,158.753998,164.800003,157.401993,163.884003,163.884003,80432500
5/11/2020,5,2020,158.102005,164.800003,157,162.257996,162.257996,82598000
5/12/2020,5,2020,165.399994,168.658005,161.600006,161.882004,161.882004,79534500
5/13/2020,5,2020,164.166,165.199997,152.660004,158.192001,158.192001,95327500
5/14/2020,5,2020,156,160.671997,152.800003,160.666,160.666,68411000
5/15/2020,5,2020,158.070007,161.009995,157.309998,159.834,159.834,52592000
5/18/2020,5,2020,165.556,166.944,160.776001,162.725998,162.725998,58329000
5/19/2020,5,2020,163.033997,164.414001,161.216003,161.602005,161.602005,48182500
5/20/2020,5,2020,164.100006,165.199997,162.360001,163.112,163.112,36546500
5/21/2020,5,2020,163.199997,166.5,159.199997,165.520004,165.520004,61273000
5/22/2020,5,2020,164.434006,166.356003,162.399994,163.376007,163.376007,49937500
5/26/2020,5,2020,166.899994,166.919998,163.141998,163.774002,163.774002,40448500
5/27/2020,5,2020,164.171997,165.542007,157,164.046005,164.046005,57747500
5/28/2020,5,2020,162.701996,164.949997,160.337997,161.162003,161.162003,36278000
5/29/2020,5,2020,161.75,167,160.841995,167,167,58822500
6/1/2020,6,2020,171.600006,179.800003,170.820007,179.619995,179.619995,74697500
6/2/2020,6,2020,178.940002,181.731995,174.199997,176.311996,176.311996,67828000
6/3/2020,6,2020,177.623993,179.587997,176.020004,176.591995,176.591995,39747500
6/4/2020,6,2020,177.975998,179.149994,171.688004,172.876007,172.876007,44438500
6/5/2020,6,2020,175.567993,177.304001,173.240005,177.132004,177.132004,39059500
6/8/2020,6,2020,183.800003,190,181.832001,189.983994,189.983994,70873500
6/9/2020,6,2020,188.001999,190.888,184.785995,188.134003,188.134003,56941000
6/10/2020,6,2020,198.376007,205.496002,196.5,205.009995,205.009995,92817000
6/11/2020,6,2020,198.039993,203.792007,194.399994,194.567993,194.567993,79582500
6/12/2020,6,2020,196,197.595993,182.520004,187.056,187.056,83817000
6/15/2020,6,2020,183.557999,199.768005,181.699997,198.179993,198.179993,78486000
6/16/2020,6,2020,202.369995,202.576004,192.477997,196.425995,196.425995,70255500
6/17/2020,6,2020,197.542007,201,196.514008,198.358002,198.358002,49454000
6/18/2020,6,2020,200.600006,203.839996,198.893997,200.792007,200.792007,48759500
6/19/2020,6,2020,202.556,203.194,198.268005,200.179993,200.179993,43398500
6/22/2020,6,2020,199.990005,201.776001,198.003998,198.863998,198.863998,31812000
6/23/2020,6,2020,199.776001,202.399994,198.802002,200.356003,200.356003,31826500
6/24/2020,6,2020,198.822006,200.175995,190.628006,192.169998,192.169998,54798000
6/25/2020,6,2020,190.854004,197.195999,187.429993,197.195999,197.195999,46272500
6/26/2020,6,2020,198.955994,199,190.973999,191.947998,191.947998,44274500
6/29/2020,6,2020,193.802002,202,189.703995,201.869995,201.869995,45132000
6/30/2020,6,2020,201.300003,217.537994,200.746002,215.962006,215.962006,84592500
7/1/2020,7,2020,216.600006,227.065994,216.100006,223.925995,223.925995,66634500
7/2/2020,7,2020,244.296005,245.600006,237.119995,241.731995,241.731995,86250500
7/6/2020,7,2020,255.337997,275.558014,253.207993,274.31601,274.31601,102849500
7/7/2020,7,2020,281.002014,285.899994,267.34201,277.971985,277.971985,107448500
7/8/2020,7,2020,281,283.451996,262.268005,273.175995,273.175995,81556500
7/9/2020,7,2020,279.39801,281.712006,270.256012,278.855988,278.855988,58588000
7/10/2020,7,2020,279.200012,309.783997,275.201996,308.929993,308.929993,116688000
7/13/2020,7,2020,331.799988,358.997986,294.221985,299.411987,299.411987,194927000
7/14/2020,7,2020,311.200012,318,286.200012,303.359985,303.359985,117090500
7/15/2020,7,2020,308.600006,310,291.399994,309.201996,309.201996,81839000
7/16/2020,7,2020,295.432007,306.34201,293.200012,300.127991,300.127991,71504000
7/17/2020,7,2020,302.690002,307.502014,298,300.167999,300.167999,46650000
7/20/2020,7,2020,303.802002,330,297.600006,328.600006,328.600006,85607000
7/21/2020,7,2020,327.985992,335,311.600006,313.671997,313.671997,80536000
7/22/2020,7,2020,319.799988,325.283997,312.399994,318.466003,318.466003,70805500
7/23/2020,7,2020,335.790009,337.799988,296.153992,302.614014,302.614014,121642500
7/24/2020,7,2020,283.201996,293,273.308014,283.399994,283.399994,96983000
7/27/2020,7,2020,287,309.588013,282.600006,307.920013,307.920013,80243500
7/28/2020,7,2020,300.799988,312.940002,294.884003,295.298004,295.298004,79043500
7/29/2020,7,2020,300.200012,306.962006,297.399994,299.821991,299.821991,47134500
7/30/2020,7,2020,297.600006,302.64801,294.200012,297.497986,297.497986,38105000
7/31/2020,7,2020,303,303.410004,284.196014,286.152008,286.152008,61041000
8/3/2020,8,2020,289.839996,301.962006,288.876007,297,297,44046500
8/4/2020,8,2020,299.002014,305.481995,292.399994,297.399994,297.399994,42075000
8/5/2020,8,2020,298.597992,299.967987,293.661987,297.003998,297.003998,24739000
8/6/2020,8,2020,298.165985,303.462006,295.451996,297.915985,297.915985,29961500
8/7/2020,8,2020,299.90799,299.950012,283.002014,290.541992,290.541992,44482000
8/10/2020,8,2020,289.600006,291.5,277.167999,283.713989,283.713989,37611500
8/11/2020,8,2020,279.200012,284,273,274.877991,274.877991,43129000
8/12/2020,8,2020,294,317,287,310.951996,310.951996,109147000
8/13/2020,8,2020,322.200012,330.235992,313.451996,324.200012,324.200012,102126500
8/14/2020,8,2020,332.997986,333.76001,325.328003,330.141998,330.141998,62888000
8/17/2020,8,2020,335.399994,369.171997,334.56601,367.127991,367.127991,101211500
8/18/2020,8,2020,379.798004,384.779999,369.022003,377.417999,377.417999,82372500
8/19/2020,8,2020,373,382.200012,368.242004,375.705994,375.705994,61026500
8/20/2020,8,2020,372.135986,404.39801,371.411987,400.365997,400.365997,103059000
8/21/2020,8,2020,408.951996,419.097992,405.01001,409.996002,409.996002,107448000
8/24/2020,8,2020,425.256012,425.799988,385.503998,402.839996,402.839996,100318000
8/25/2020,8,2020,394.977997,405.589996,393.600006,404.667999,404.667999,53294500
8/26/2020,8,2020,412,433.200012,410.726013,430.634003,430.634003,71197000
8/27/2020,8,2020,436.09201,459.119995,428.5,447.75,447.75,118465000
8/28/2020,8,2020,459.023987,463.697998,437.303986,442.679993,442.679993,100406000
8/31/2020,8,2020,444.609985,500.140015,440.109985,498.320007,498.320007,118374400
9/1/2020,9,2020,502.140015,502.48999,470.51001,475.049988,475.049988,89841100
9/2/2020,9,2020,478.98999,479.040009,405.119995,447.369995,447.369995,96176100
9/3/2020,9,2020,407.230011,431.799988,402,407,407,87596100
9/4/2020,9,2020,402.809998,428,372.019989,418.320007,418.320007,110321900
9/8/2020,9,2020,356,368.73999,329.880005,330.209991,330.209991,115465700
9/9/2020,9,2020,356.600006,369,341.51001,366.279999,366.279999,79465800
9/10/2020,9,2020,386.209991,398.98999,360.559998,371.339996,371.339996,84930600
9/11/2020,9,2020,381.940002,382.5,360.5,372.720001,372.720001,60717500
9/14/2020,9,2020,380.950012,420,373.299988,419.619995,419.619995,83020600
9/15/2020,9,2020,436.559998,461.940002,430.700012,449.76001,449.76001,97298200
9/16/2020,9,2020,439.869995,457.790009,435.309998,441.76001,441.76001,72279300
9/17/2020,9,2020,415.600006,437.790009,408,423.429993,423.429993,76779200
9/18/2020,9,2020,447.940002,451,428.799988,442.149994,442.149994,86406800
9/21/2020,9,2020,453.130005,455.679993,407.070007,449.390015,449.390015,109476800
9/22/2020,9,2020,429.600006,437.76001,417.600006,424.230011,424.230011,79580800
9/23/2020,9,2020,405.160004,412.149994,375.880005,380.359985,380.359985,95074200
9/24/2020,9,2020,363.799988,399.5,351.299988,387.790009,387.790009,96561100
9/25/2020,9,2020,393.470001,408.730011,391.299988,407.339996,407.339996,67208500
9/28/2020,9,2020,424.619995,428.079987,415.549988,421.200012,421.200012,49719600
9/29/2020,9,2020,416,428.5,411.600006,419.070007,419.070007,50219300
9/30/2020,9,2020,421.320007,433.929993,420.470001,429.01001,429.01001,48145600
10/1/2020,10,2020,440.76001,448.880005,434.420013,448.160004,448.160004,50741500
10/2/2020,10,2020,421.390015,439.130005,415,415.089996,415.089996,71430000
10/5/2020,10,2020,423.350006,433.640015,419.329987,425.679993,425.679993,44722800
10/6/2020,10,2020,423.790009,428.779999,406.049988,413.980011,413.980011,49146300
10/7/2020,10,2020,419.869995,429.899994,413.850006,425.299988,425.299988,43127700
10/8/2020,10,2020,438.440002,439,425.299988,425.920013,425.920013,40421100
10/9/2020,10,2020,430.130005,434.589996,426.459991,434,434,28925700
10/12/2020,10,2020,442,448.73999,438.579987,442.299988,442.299988,38791100
10/13/2020,10,2020,443.350006,448.890015,436.600006,446.649994,446.649994,34463700
10/14/2020,10,2020,449.779999,465.899994,447.350006,461.299988,461.299988,47879700
10/15/2020,10,2020,450.309998,456.570007,442.5,448.880005,448.880005,35672400
10/16/2020,10,2020,454.440002,455.950012,438.850006,439.670013,439.670013,32775900
10/19/2020,10,2020,446.23999,447,428.869995,430.829987,430.829987,36287800
10/20/2020,10,2020,431.75,431.75,419.049988,421.940002,421.940002,31656300
10/21/2020,10,2020,422.700012,432.950012,421.25,422.640015,422.640015,32370500
10/22/2020,10,2020,441.920013,445.230011,424.51001,425.790009,425.790009,39993200
10/23/2020,10,2020,421.839996,422.890015,407.380005,420.630005,420.630005,33717000
10/26/2020,10,2020,411.630005,425.76001,410,420.279999,420.279999,28239200
10/27/2020,10,2020,423.76001,430.5,420.100006,424.679993,424.679993,22686500
10/28/2020,10,2020,416.480011,418.600006,406,406.019989,406.019989,25451400
10/29/2020,10,2020,409.959991,418.059998,406.459991,410.829987,410.829987,22655300
10/30/2020,10,2020,406.899994,407.589996,379.109985,388.040009,388.040009,42511300
11/2/2020,11,2020,394,406.980011,392.299988,400.51001,400.51001,29021100
11/3/2020,11,2020,409.730011,427.769989,406.690002,423.899994,423.899994,34351700
11/4/2020,11,2020,430.619995,435.399994,417.100006,420.980011,420.980011,32143100
11/5/2020,11,2020,428.299988,440,424,438.089996,438.089996,28414500
11/6/2020,11,2020,436.100006,436.570007,424.279999,429.950012,429.950012,21706000
11/9/2020,11,2020,439.5,452.5,421,421.26001,421.26001,34833000
11/10/2020,11,2020,420.089996,420.089996,396.029999,410.359985,410.359985,30284200
11/11/2020,11,2020,416.450012,418.700012,410.579987,417.130005,417.130005,17357700
11/12/2020,11,2020,415.049988,423,409.519989,411.76001,411.76001,19855100
11/13/2020,11,2020,410.850006,412.529999,401.660004,408.5,408.5,19771100
11/16/2020,11,2020,408.929993,412.450012,404.089996,408.089996,408.089996,26838600
11/17/2020,11,2020,460.170013,462,433.01001,441.609985,441.609985,61188300
11/18/2020,11,2020,448.350006,496,443.5,486.640015,486.640015,78044000
11/19/2020,11,2020,492,508.609985,487.570007,499.269989,499.269989,62475300
11/20/2020,11,2020,497.98999,502.5,489.059998,489.609985,489.609985,32911900
11/23/2020,11,2020,503.5,526,501.790009,521.849976,521.849976,50260300
11/24/2020,11,2020,540.400024,559.98999,526.200012,555.380005,555.380005,53648500
11/25/2020,11,2020,550.059998,574,545.369995,574,574,48930200
11/27/2020,11,2020,581.159973,598.780029,578.450012,585.76001,585.76001,37561100
11/30/2020,11,2020,602.210022,607.799988,554.51001,567.599976,567.599976,63003100
12/1/2020,12,2020,597.590027,597.849976,572.049988,584.76001,584.76001,40103500
12/2/2020,12,2020,556.440002,571.539978,541.210022,568.820007,568.820007,47775700
12/3/2020,12,2020,590.02002,598.969971,582.429993,593.380005,593.380005,42552000
12/4/2020,12,2020,591.01001,599.039978,585.5,599.039978,599.039978,29401300
12/7/2020,12,2020,604.919983,648.789978,603.049988,641.76001,641.76001,56309700
12/8/2020,12,2020,625.51001,651.280029,618.5,649.880005,649.880005,64265000
12/9/2020,12,2020,653.690002,654.320007,588,604.47998,604.47998,71291200
12/10/2020,12,2020,574.369995,627.75,566.340027,627.070007,627.070007,67083200
12/11/2020,12,2020,615.01001,624,596.799988,609.98999,609.98999,46475000
12/14/2020,12,2020,619,642.75,610.200012,639.830017,639.830017,52040600
12/15/2020,12,2020,643.280029,646.900024,623.799988,633.25,633.25,45071500
12/16/2020,12,2020,628.22998,632.5,605,622.77002,622.77002,42095800
12/17/2020,12,2020,628.190002,658.820007,619.5,655.900024,655.900024,56270100
12/18/2020,12,2020,668.900024,695,628.539978,695,695,222126200
12/21/2020,12,2020,666.23999,668.5,646.070007,649.859985,649.859985,58045300
12/22/2020,12,2020,648,649.880005,614.22998,640.340027,640.340027,51716000
12/23/2020,12,2020,632.200012,651.5,622.570007,645.97998,645.97998,33173000
12/24/2020,12,2020,642.98999,666.090027,641,661.77002,661.77002,22865600
12/28/2020,12,2020,674.51001,681.400024,660.799988,663.690002,663.690002,32278600
12/29/2020,12,2020,661,669.900024,655,665.98999,665.98999,22910800
12/30/2020,12,2020,672,696.599976,668.359985,694.780029,694.780029,42846000
12/31/2020,12,2020,699.98999,718.719971,691.119995,705.669983,705.669983,49649900
1/4/2021,1,2021,719.460022,744.48999,717.190002,729.77002,729.77002,48638200
1/5/2021,1,2021,723.659973,740.840027,719.200012,735.109985,735.109985,32245200
1/6/2021,1,2021,758.48999,774,749.099976,755.97998,755.97998,44700000
1/7/2021,1,2021,777.630005,816.98999,775.200012,816.039978,816.039978,51498900
1/8/2021,1,2021,856,884.48999,838.390015,880.02002,880.02002,75055500
1/11/2021,1,2021,849.400024,854.429993,803.619995,811.190002,811.190002,59301600
1/12/2021,1,2021,831,868,827.340027,849.440002,849.440002,46270700
1/13/2021,1,2021,852.76001,860.469971,832,854.409973,854.409973,33312500
1/14/2021,1,2021,843.390015,863,838.75,845,845,31266300
1/15/2021,1,2021,852,859.900024,819.099976,826.159973,826.159973,38777600
1/19/2021,1,2021,837.799988,850,833,844.549988,844.549988,25367000
1/20/2021,1,2021,858.73999,859.5,837.280029,850.450012,850.450012,25665900
1/21/2021,1,2021,855,855.719971,841.419983,844.98999,844.98999,20521100
1/22/2021,1,2021,834.309998,848,828.619995,846.640015,846.640015,20066500
1/25/2021,1,2021,855,900.400024,838.820007,880.799988,880.799988,41173400
1/26/2021,1,2021,891.380005,895.900024,871.599976,883.090027,883.090027,23131600
1/27/2021,1,2021,870.349976,891.5,858.659973,864.159973,864.159973,27334000
1/28/2021,1,2021,820,848,801,835.429993,835.429993,26378000
1/29/2021,1,2021,830,842.409973,780.099976,793.530029,793.530029,34990800
2/1/2021,2,2021,814.289978,842,795.559998,839.809998,839.809998,25391400
2/2/2021,2,2021,844.679993,880.5,842.200012,872.789978,872.789978,24346200
2/3/2021,2,2021,877.02002,878.080017,853.059998,854.690002,854.690002,18343500
2/4/2021,2,2021,855,856.5,833.419983,849.98999,849.98999,15812700
2/5/2021,2,2021,845,864.77002,838.969971,852.22998,852.22998,18566600
2/8/2021,2,2021,869.669983,877.77002,854.75,863.419983,863.419983,20161700
2/9/2021,2,2021,855.119995,859.799988,841.75,849.460022,849.460022,15157700
2/10/2021,2,2021,843.640015,844.820007,800.02002,804.820007,804.820007,36216100
2/11/2021,2,2021,812.440002,829.880005,801.72998,811.659973,811.659973,21622800
2/12/2021,2,2021,801.26001,817.330017,785.330017,816.119995,816.119995,23768300
2/16/2021,2,2021,818,821,792.440002,796.219971,796.219971,19802300
2/17/2021,2,2021,779.090027,799.840027,762.01001,798.150024,798.150024,25996500
2/18/2021,2,2021,780.900024,794.690002,776.27002,787.380005,787.380005,17957100
2/19/2021,2,2021,795,796.789978,777.369995,781.299988,781.299988,18958300
2/22/2021,2,2021,762.640015,768.5,710.200012,714.5,714.5,37269700
2/23/2021,2,2021,662.130005,713.609985,619,698.840027,698.840027,66606900
2/24/2021,2,2021,711.849976,745,694.169983,742.02002,742.02002,36767000
2/25/2021,2,2021,726.150024,737.210022,670.580017,682.219971,682.219971,39023900
2/26/2021,2,2021,700,706.700012,659.51001,675.5,675.5,41089200
3/1/2021,3,2021,690.109985,719,685.049988,718.429993,718.429993,27136200
3/2/2021,3,2021,718.280029,721.109985,685,686.440002,686.440002,23732200
3/3/2021,3,2021,687.98999,700.700012,651.710022,653.200012,653.200012,30208000
3/4/2021,3,2021,655.799988,668.450012,600,621.440002,621.440002,65919500
3/5/2021,3,2021,626.059998,627.840027,539.48999,597.950012,597.950012,89396500
3/8/2021,3,2021,600.549988,620.130005,558.789978,563,563,51787000
3/9/2021,3,2021,608.179993,678.090027,595.210022,673.580017,673.580017,67523300
3/10/2021,3,2021,700.299988,717.849976,655.059998,668.059998,668.059998,60605700
3/11/2021,3,2021,699.400024,702.5,677.179993,699.599976,699.599976,36253900
3/12/2021,3,2021,670,694.880005,666.140015,693.72998,693.72998,33583800
3/15/2021,3,2021,694.090027,713.179993,684.039978,707.940002,707.940002,29335600
3/16/2021,3,2021,703.349976,707.919983,671,676.880005,676.880005,32195700
3/17/2021,3,2021,656.869995,703.72998,651.01001,701.809998,701.809998,40372500
3/18/2021,3,2021,684.289978,689.22998,652,653.159973,653.159973,33224800
3/19/2021,3,2021,646.599976,657.22998,624.619995,654.869995,654.869995,42894000
3/22/2021,3,2021,684.590027,699.619995,668.75,670,670,39512200
3/23/2021,3,2021,675.77002,677.799988,657.51001,662.159973,662.159973,30491900
3/24/2021,3,2021,667.909973,668.02002,630.109985,630.27002,630.27002,33795200
3/25/2021,3,2021,613,645.5,609.5,640.390015,640.390015,39224900
3/26/2021,3,2021,641.869995,643.820007,599.890015,618.710022,618.710022,33852800
3/29/2021,3,2021,615.640015,616.47998,596.02002,611.289978,611.289978,28637000
3/30/2021,3,2021,601.75,637.659973,591.01001,635.619995,635.619995,39432400
3/31/2021,3,2021,646.619995,672,641.109985,667.929993,667.929993,33337300
4/1/2021,4,2021,688.369995,692.419983,659.419983,661.75,661.75,35298400
4/5/2021,4,2021,707.710022,708.159973,684.700012,691.049988,691.049988,41842800
4/6/2021,4,2021,690.299988,696.549988,681.369995,691.619995,691.619995,28271800
4/7/2021,4,2021,687,691.380005,667.840027,670.969971,670.969971,26309400
4/8/2021,4,2021,677.380005,689.549988,671.650024,683.799988,683.799988,23924300
4/9/2021,4,2021,677.77002,680.969971,669.429993,677.02002,677.02002,21437100
4/12/2021,4,2021,685.700012,704.799988,682.090027,701.97998,701.97998,29135700
4/13/2021,4,2021,712.700012,763,710.659973,762.320007,762.320007,44652800
4/14/2021,4,2021,770.700012,780.789978,728.030029,732.22998,732.22998,49017400
4/15/2021,4,2021,743.099976,743.690002,721.309998,738.849976,738.849976,27848900
4/16/2021,4,2021,728.650024,749.409973,724.599976,739.780029,739.780029,27979500
4/19/2021,4,2021,719.599976,725.400024,691.799988,714.630005,714.630005,39686200
4/20/2021,4,2021,717.419983,737.25,710.690002,718.98999,718.98999,35609000
4/21/2021,4,2021,704.77002,744.840027,698,744.119995,744.119995,31215500
4/22/2021,4,2021,741.5,753.77002,718.039978,719.690002,719.690002,35590300
4/23/2021,4,2021,719.799988,737.359985,715.460022,729.400024,729.400024,28370000
4/26/2021,4,2021,741,749.299988,732.609985,738.200012,738.200012,31038500
4/27/2021,4,2021,717.960022,724,703.349976,704.73999,704.73999,29437000
4/28/2021,4,2021,696.409973,708.5,693.599976,694.400024,694.400024,22271000
4/29/2021,4,2021,699.51001,702.25,668.5,677,677,28845400
4/30/2021,4,2021,667.590027,715.469971,666.140015,709.440002,709.440002,40758700
5/3/2021,5,2021,703.799988,706,680.5,684.900024,684.900024,27043100
5/4/2021,5,2021,678.940002,683.450012,657.700012,673.599976,673.599976,29739300
5/5/2021,5,2021,681.059998,685.299988,667.340027,670.940002,670.940002,21901900
5/6/2021,5,2021,680.76001,681.02002,650,663.539978,663.539978,27784600
5/7/2021,5,2021,665.799988,690,660.219971,672.369995,672.369995,23469200
5/10/2021,5,2021,664.900024,665.049988,627.609985,629.039978,629.039978,31392400
5/11/2021,5,2021,599.23999,627.099976,595.599976,617.200012,617.200012,46503900
5/12/2021,5,2021,602.48999,620.409973,586.77002,589.890015,589.890015,33823600
5/13/2021,5,2021,601.539978,606.460022,559.650024,571.690002,571.690002,44184900
5/14/2021,5,2021,583.409973,592.869995,570.460022,589.73999,589.73999,33370900
5/17/2021,5,2021,575.549988,589.72998,561.200012,576.830017,576.830017,32390400
5/18/2021,5,2021,568,596.25,563.380005,577.869995,577.869995,36830600
5/19/2021,5,2021,552.549988,566.210022,546.97998,563.460022,563.460022,39578400
5/20/2021,5,2021,575,588.849976,571.070007,586.780029,586.780029,30821100
5/21/2021,5,2021,596.109985,596.679993,580,580.880005,580.880005,26030600
5/24/2021,5,2021,581.599976,614.47998,573.650024,606.440002,606.440002,34558100
5/25/2021,5,2021,607.309998,613.98999,595.710022,604.690002,604.690002,28005900
5/26/2021,5,2021,607.559998,626.169983,601.5,619.130005,619.130005,28639300
5/27/2021,5,2021,620.23999,631.130005,616.210022,630.849976,630.849976,26370600
5/28/2021,5,2021,628.5,635.590027,622.380005,625.219971,625.219971,22737000
6/1/2021,6,2021,627.799988,633.799988,620.549988,623.900024,623.900024,18084900
6/2/2021,6,2021,620.130005,623.359985,599.140015,605.119995,605.119995,23302800
6/3/2021,6,2021,601.799988,604.549988,571.219971,572.840027,572.840027,30111900
6/4/2021,6,2021,579.710022,600.609985,577.200012,599.049988,599.049988,24036900
6/7/2021,6,2021,591.830017,610,582.880005,605.130005,605.130005,22543700
6/8/2021,6,2021,623.01001,623.090027,595.5,603.590027,603.590027,26053400
6/9/2021,6,2021,602.169983,611.789978,597.630005,598.780029,598.780029,16584600
6/10/2021,6,2021,603.880005,616.590027,600.5,610.119995,610.119995,23919600
6/11/2021,6,2021,610.22998,612.559998,601.52002,609.890015,609.890015,16205300
6/14/2021,6,2021,612.22998,625.48999,609.179993,617.690002,617.690002,20424000
6/15/2021,6,2021,616.690002,616.789978,598.22998,599.359985,599.359985,17764100
6/16/2021,6,2021,597.539978,608.5,593.5,604.869995,604.869995,22144100
6/17/2021,6,2021,601.890015,621.469971,601.340027,616.599976,616.599976,22701400
6/18/2021,6,2021,613.369995,628.349976,611.799988,623.309998,623.309998,24560900
6/21/2021,6,2021,624.47998,631.390015,608.880005,620.830017,620.830017,24812700
6/22/2021,6,2021,618.25,628.570007,615.5,623.710022,623.710022,19158900
6/23/2021,6,2021,632,657.200012,630.039978,656.570007,656.570007,31099200
6/24/2021,6,2021,674.98999,697.619995,667.609985,679.820007,679.820007,45982400
6/25/2021,6,2021,689.580017,693.809998,668.700012,671.869995,671.869995,32496700
6/28/2021,6,2021,671.640015,694.700012,670.320007,688.719971,688.719971,21628200
6/29/2021,6,2021,684.650024,687.51001,675.890015,680.76001,680.76001,17381300
6/30/2021,6,2021,679.77002,692.809998,678.140015,679.700012,679.700012,18924900
7/1/2021,7,2021,683.919983,687.98999,672.799988,677.919983,677.919983,18634500
7/2/2021,7,2021,678.97998,700,673.26001,678.900024,678.900024,27054500
7/6/2021,7,2021,681.710022,684,651.400024,659.580017,659.580017,23284500
7/7/2021,7,2021,664.27002,665.700012,638.320007,644.650024,644.650024,18792000
7/8/2021,7,2021,628.369995,654.429993,620.460022,652.809998,652.809998,22773300
7/9/2021,7,2021,653.179993,658.909973,644.690002,656.950012,656.950012,18140500
7/12/2021,7,2021,662.200012,687.23999,662.159973,685.700012,685.700012,25927000
7/13/2021,7,2021,686.320007,693.280029,666.299988,668.539978,668.539978,20966100
7/14/2021,7,2021,670.75,678.609985,652.840027,653.380005,653.380005,21641200
7/15/2021,7,2021,658.390015,666.140015,637.880005,650.599976,650.599976,20209600
7/16/2021,7,2021,654.679993,656.700012,642.200012,644.219971,644.219971,16371000
7/19/2021,7,2021,629.890015,647.200012,621.289978,646.219971,646.219971,21297100
7/20/2021,7,2021,651.98999,662.390015,640.5,660.5,660.5,15487100
7/21/2021,7,2021,659.609985,664.859985,650.289978,655.289978,655.289978,13953300
7/22/2021,7,2021,656.440002,662.169983,644.599976,649.26001,649.26001,15105700
7/23/2021,7,2021,646.359985,648.799988,637.299988,643.380005,643.380005,14604900
7/26/2021,7,2021,650.969971,668.200012,647.109985,657.619995,657.619995,25336600
7/27/2021,7,2021,663.400024,666.5,627.23999,644.780029,644.780029,32813300
7/28/2021,7,2021,647,654.969971,639.400024,646.97998,646.97998,16006600
7/29/2021,7,2021,649.789978,683.690002,648.799988,677.349976,677.349976,30394600
7/30/2021,7,2021,671.76001,697.530029,669,687.200012,687.200012,29600500
8/2/2021,8,2021,700,726.940002,698.400024,709.669983,709.669983,33615800
8/3/2021,8,2021,719,722.650024,701.01001,709.73999,709.73999,21620300
8/4/2021,8,2021,711,724.900024,708.929993,710.919983,710.919983,17002600
8/5/2021,8,2021,716,720.950012,711.409973,714.630005,714.630005,12919600
8/6/2021,8,2021,711.900024,716.330017,697.630005,699.099976,699.099976,15576200
8/9/2021,8,2021,710.169983,719.030029,705.130005,713.76001,713.76001,14715300
8/10/2021,8,2021,713.98999,716.590027,701.880005,709.98999,709.98999,13432300
8/11/2021,8,2021,712.710022,715.179993,704.210022,707.820007,707.820007,9800600
8/12/2021,8,2021,706.340027,722.799988,699.400024,722.25,722.25,17459100
8/13/2021,8,2021,723.710022,729.900024,714.340027,717.169983,717.169983,16698900
8/16/2021,8,2021,705.070007,709.5,676.400024,686.169983,686.169983,22677400
8/17/2021,8,2021,672.659973,674.580017,648.840027,665.710022,665.710022,23721300
8/18/2021,8,2021,669.75,695.77002,669.349976,688.98999,688.98999,20349400
8/19/2021,8,2021,678.210022,686.549988,667.590027,673.469971,673.469971,14313500
8/20/2021,8,2021,682.849976,692.130005,673.700012,680.26001,680.26001,14781800
8/23/2021,8,2021,685.440002,712.130005,680.75,706.299988,706.299988,20264900
8/24/2021,8,2021,710.679993,715.219971,702.640015,708.48999,708.48999,13083100
8/25/2021,8,2021,707.030029,716.969971,704,711.200012,711.200012,12645600
8/26/2021,8,2021,708.309998,715.400024,697.619995,701.159973,701.159973,13214300
8/27/2021,8,2021,705,715,702.099976,711.919983,711.919983,13762100
8/30/2021,8,2021,714.719971,731,712.72998,730.909973,730.909973,18604200
8/31/2021,8,2021,733,740.390015,726.440002,735.719971,735.719971,20855400
9/1/2021,9,2021,734.080017,741.98999,731.27002,734.090027,734.090027,13204300
9/2/2021,9,2021,734.5,740.969971,730.539978,732.390015,732.390015,12777300
9/3/2021,9,2021,732.25,734,724.200012,733.570007,733.570007,15246100
9/7/2021,9,2021,740,760.200012,739.26001,752.919983,752.919983,20039800
9/8/2021,9,2021,761.580017,764.450012,740.77002,753.869995,753.869995,18793000
9/9/2021,9,2021,753.409973,762.099976,751.630005,754.859985,754.859985,14077700
9/10/2021,9,2021,759.599976,762.609985,734.52002,736.27002,736.27002,15114300
9/13/2021,9,2021,740.210022,744.780029,708.849976,743,743,22952500
9/14/2021,9,2021,742.570007,754.469971,736.400024,744.48999,744.48999,18524900
9/15/2021,9,2021,745,756.859985,738.359985,755.830017,755.830017,15357700
9/16/2021,9,2021,752.830017,758.909973,747.609985,756.98999,756.98999,13923400
9/17/2021,9,2021,757.150024,761.039978,750,759.48999,759.48999,28204200
9/20/2021,9,2021,734.559998,742,718.619995,730.169983,730.169983,24757700
9/21/2021,9,2021,734.789978,744.73999,730.440002,739.380005,739.380005,16330700
9/22/2021,9,2021,743.530029,753.669983,739.119995,751.940002,751.940002,15126300
9/23/2021,9,2021,755,758.200012,747.919983,753.640015,753.640015,11947500
9/24/2021,9,2021,745.890015,774.799988,744.559998,774.390015,774.390015,21373000
9/27/2021,9,2021,773.119995,799,769.309998,791.359985,791.359985,28070700
9/28/2021,9,2021,787.200012,795.640015,766.179993,777.559998,777.559998,25381400
9/29/2021,9,2021,779.799988,793.5,770.679993,781.309998,781.309998,20942900
9/30/2021,9,2021,781,789.130005,775,775.47998,775.47998,17956000
10/1/2021,10,2021,778.400024,780.780029,763.590027,775.219971,775.219971,17031400
10/4/2021,10,2021,796.5,806.969971,776.119995,781.530029,781.530029,30483300
10/5/2021,10,2021,784.799988,797.309998,774.200012,780.590027,780.590027,18432600
10/6/2021,10,2021,776.200012,786.659973,773.219971,782.75,782.75,14632800
10/7/2021,10,2021,785.460022,805,783.380005,793.609985,793.609985,19195800
10/8/2021,10,2021,796.210022,796.380005,780.909973,785.48999,785.48999,16711100
10/11/2021,10,2021,787.650024,801.23999,785.5,791.940002,791.940002,14200300
10/12/2021,10,2021,800.929993,812.320007,796.570007,805.719971,805.719971,22020000
10/13/2021,10,2021,810.469971,815.409973,805.780029,811.080017,811.080017,14120100
10/14/2021,10,2021,815.48999,820.25,813.349976,818.320007,818.320007,12247200
10/15/2021,10,2021,823.73999,843.210022,822.349976,843.030029,843.030029,18818000
10/18/2021,10,2021,851.789978,875.26001,851.469971,870.109985,870.109985,24207200
10/19/2021,10,2021,877.530029,877.950012,862.51001,864.27002,864.27002,17381100
10/20/2021,10,2021,865.349976,869.48999,857.380005,865.799988,865.799988,14032100
10/21/2021,10,2021,856,900,855.5,894,894,31481500
10/22/2021,10,2021,895.5,910,890.960022,909.679993,909.679993,22880800
10/25/2021,10,2021,950.530029,1045.02002,944.200012,1024.859985,1024.859985,62852100
10/26/2021,10,2021,1024.689941,1094.939941,1001.440002,1018.429993,1018.429993,62415000
10/27/2021,10,2021,1039.660034,1070.880005,1030.780029,1037.859985,1037.859985,38526500
10/28/2021,10,2021,1068.310059,1081,1054.199951,1077.040039,1077.040039,27213200
10/29/2021,10,2021,1081.859985,1115.209961,1073.209961,1114,1114,29918400
11/1/2021,11,2021,1145,1209.75,1118.660034,1208.589966,1208.589966,56048700
11/2/2021,11,2021,1159.359985,1208.589966,1146,1172,1172,42737800
11/3/2021,11,2021,1177.329956,1215.390015,1152.619995,1213.859985,1213.859985,34628500
11/4/2021,11,2021,1234.410034,1243.48999,1217,1229.910034,1229.910034,25397400
11/5/2021,11,2021,1228,1239.869995,1208,1222.089966,1222.089966,21579900
11/8/2021,11,2021,1149.790039,1197,1133,1162.939941,1162.939941,33445700
11/9/2021,11,2021,1173.599976,1174.5,1011.52002,1023.5,1023.5,59105800
11/10/2021,11,2021,1010.409973,1078.099976,987.309998,1067.949951,1067.949951,42802700
11/11/2021,11,2021,1102.77002,1104.969971,1054.680054,1063.51001,1063.51001,22396600
11/12/2021,11,2021,1047.5,1054.5,1019.200012,1033.420044,1033.420044,25182300
11/15/2021,11,2021,1017.630005,1031.97998,978.599976,1013.390015,1013.390015,34775600
11/16/2021,11,2021,1003.309998,1057.199951,1002.179993,1054.72998,1054.72998,26542400
11/17/2021,11,2021,1063.51001,1119.640015,1055.5,1089.01001,1089.01001,31445400
11/18/2021,11,2021,1106.550049,1112,1075.02002,1096.380005,1096.380005,20898900
11/19/2021,11,2021,1098.869995,1138.719971,1092.699951,1137.060059,1137.060059,21642300
11/22/2021,11,2021,1162.329956,1201.949951,1132.430054,1156.869995,1156.869995,33072500
11/23/2021,11,2021,1167.51001,1180.5,1062.699951,1109.030029,1109.030029,36171700
11/24/2021,11,2021,1080.390015,1132.77002,1062,1116,1116,22560200
11/26/2021,11,2021,1099.469971,1108.780029,1081,1081.920044,1081.920044,11680900
11/29/2021,11,2021,1100.98999,1142.670044,1100.189941,1136.98999,1136.98999,19464500
11/30/2021,11,2021,1144.369995,1168,1118,1144.76001,1144.76001,27092000
12/1/2021,12,2021,1160.699951,1172.839966,1090.76001,1095,1095,22816800
12/2/2021,12,2021,1099.060059,1113,1056.650024,1084.599976,1084.599976,24371600
12/3/2021,12,2021,1084.790039,1090.579956,1000.210022,1014.969971,1014.969971,30696300
12/6/2021,12,2021,1001.51001,1021.640015,950.5,1009.01001,1009.01001,27221000
12/7/2021,12,2021,1044.199951,1057.670044,1026.810059,1051.75,1051.75,18694900
12/8/2021,12,2021,1052.709961,1072.380005,1033,1068.959961,1068.959961,13968800
12/9/2021,12,2021,1060.640015,1062.48999,1002.359985,1003.799988,1003.799988,19812800
12/10/2021,12,2021,1008.75,1020.97998,982.530029,1017.030029,1017.030029,19855000
12/13/2021,12,2021,1001.090027,1005,951.419983,966.409973,966.409973,26198500
12/14/2021,12,2021,945,966.409973,930,958.51001,958.51001,23602100
12/15/2021,12,2021,953.210022,978.75,928.25,975.98999,975.98999,25056400
12/16/2021,12,2021,994.5,994.97998,921.849976,926.919983,926.919983,27590500
12/17/2021,12,2021,914.77002,960.659973,909.039978,932.570007,932.570007,33479100
12/20/2021,12,2021,910.700012,921.690002,893.390015,899.940002,899.940002,18826700
12/21/2021,12,2021,916.869995,939.5,886.119995,938.530029,938.530029,23839300
12/22/2021,12,2021,965.659973,1015.659973,957.049988,1008.869995,1008.869995,31211400
12/23/2021,12,2021,1006.799988,1072.97998,997.559998,1067,1067,30904400
12/27/2021,12,2021,1073.670044,1117,1070.719971,1093.939941,1093.939941,23715300
12/28/2021,12,2021,1109.48999,1119,1078.420044,1088.469971,1088.469971,20108000
12/29/2021,12,2021,1098.640015,1104,1064.140015,1086.189941,1086.189941,18718000
12/30/2021,12,2021,1061.329956,1095.550049,1053.150024,1070.339966,1070.339966,15680300
12/31/2021,12,2021,1073.439941,1082,1054.589966,1056.780029,1056.780029,13528700
